{"v":"5.4.4","fr":24,"ip":0,"op":24,"w":28,"h":28,"nm":"zhibo_icon_night","ddd":0,"assets":[],"layers":[{"ddd":0,"ind":1,"ty":4,"nm":"01","sr":1,"ks":{"o":{"a":0,"k":100,"ix":11},"r":{"a":0,"k":0,"ix":10},"p":{"a":0,"k":[7,14,0],"ix":2},"a":{"a":0,"k":[0,0,0],"ix":1},"s":{"a":0,"k":[100,100,100],"ix":6}},"ao":0,"shapes":[{"ty":"gr","it":[{"ind":0,"ty":"sh","ix":1,"ks":{"a":1,"k":[{"i":{"x":0.667,"y":1},"o":{"x":0.333,"y":0},"t":0,"s":[{"i":[[0,-0.828],[0,0],[0.828,0],[0,0],[0,0.828],[0,0],[-0.828,0],[0,0]],"o":[[0,0],[0,0.828],[0,0],[-0.828,0],[0,0],[0,-0.828],[0,0],[0.828,0]],"v":[[1.712,5.531],[1.7,8.5],[0.2,10],[-0.2,10],[-1.7,8.5],[-1.688,5.531],[-0.188,4.031],[0.212,4.031]],"c":true}],"e":[{"i":[[0,-0.828],[0,0],[0.828,0],[0,0],[0,0.828],[0,0],[-0.828,0],[0,0]],"o":[[0,0],[0,0.828],[0,0],[-0.828,0],[0,0],[0,-0.828],[0,0],[0.828,0]],"v":[[1.7,-8.5],[1.7,8.5],[0.2,10],[-0.2,10],[-1.7,8.5],[-1.7,-8.5],[-0.2,-10],[0.2,-10]],"c":true}]},{"i":{"x":0.667,"y":1},"o":{"x":0.333,"y":0},"t":12,"s":[{"i":[[0,-0.828],[0,0],[0.828,0],[0,0],[0,0.828],[0,0],[-0.828,0],[0,0]],"o":[[0,0],[0,0.828],[0,0],[-0.828,0],[0,0],[0,-0.828],[0,0],[0.828,0]],"v":[[1.7,-8.5],[1.7,8.5],[0.2,10],[-0.2,10],[-1.7,8.5],[-1.7,-8.5],[-0.2,-10],[0.2,-10]],"c":true}],"e":[{"i":[[0,-0.828],[0,0],[0.828,0],[0,0],[0,0.828],[0,0],[-0.828,0],[0,0]],"o":[[0,0],[0,0.828],[0,0],[-0.828,0],[0,0],[0,-0.828],[0,0],[0.828,0]],"v":[[1.712,5.531],[1.7,8.5],[0.2,10],[-0.2,10],[-1.7,8.5],[-1.688,5.531],[-0.188,4.031],[0.212,4.031]],"c":true}]},{"t":24}],"ix":2},"nm":"Path 1","mn":"ADBE Vector Shape - Group","hd":false},{"ty":"fl","c":{"a":0,"k":[0.850980392157,0,0.282352941176,1],"ix":4},"o":{"a":0,"k":100,"ix":5},"r":1,"bm":0,"nm":"Fill 1","mn":"ADBE Vector Graphic - Fill","hd":false},{"ty":"tr","p":{"a":0,"k":[0,0],"ix":2},"a":{"a":0,"k":[0,0],"ix":1},"s":{"a":0,"k":[100,100],"ix":3},"r":{"a":0,"k":0,"ix":6},"o":{"a":0,"k":100,"ix":7},"sk":{"a":0,"k":0,"ix":4},"sa":{"a":0,"k":0,"ix":5},"nm":"Transform"}],"nm":"Rectangle 1","np":2,"cix":2,"bm":0,"ix":1,"mn":"ADBE Vector Group","hd":false}],"ip":0,"op":240,"st":0,"bm":0},{"ddd":0,"ind":2,"ty":4,"nm":"02","sr":1,"ks":{"o":{"a":0,"k":100,"ix":11},"r":{"a":0,"k":0,"ix":10},"p":{"a":0,"k":[14,14,0],"ix":2},"a":{"a":0,"k":[0,0,0],"ix":1},"s":{"a":0,"k":[100,100,100],"ix":6}},"ao":0,"shapes":[{"ty":"gr","it":[{"ind":0,"ty":"sh","ix":1,"ks":{"a":1,"k":[{"i":{"x":0.667,"y":1},"o":{"x":0.167,"y":0.167},"t":0,"s":[{"i":[[0,-0.828],[0,0],[0.828,0],[0,0],[0,0.828],[0,0],[-0.828,0],[0,0]],"o":[[0,0],[0,0.828],[0,0],[-0.828,0],[0,0],[0,-0.828],[0,0],[0.828,0]],"v":[[1.706,-1.484],[1.7,8.5],[0.2,10],[-0.2,10],[-1.7,8.5],[-1.694,-1.484],[-0.194,-2.984],[0.206,-2.984]],"c":true}],"e":[{"i":[[0,-0.828],[0,0],[0.828,0],[0,0],[0,0.828],[0,0],[-0.828,0],[0,0]],"o":[[0,0],[0,0.828],[0,0],[-0.828,0],[0,0],[0,-0.828],[0,0],[0.828,0]],"v":[[1.7,-8.5],[1.7,8.5],[0.2,10],[-0.2,10],[-1.7,8.5],[-1.7,-8.5],[-0.2,-10],[0.2,-10]],"c":true}]},{"i":{"x":0.667,"y":1},"o":{"x":0.333,"y":0},"t":6,"s":[{"i":[[0,-0.828],[0,0],[0.828,0],[0,0],[0,0.828],[0,0],[-0.828,0],[0,0]],"o":[[0,0],[0,0.828],[0,0],[-0.828,0],[0,0],[0,-0.828],[0,0],[0.828,0]],"v":[[1.7,-8.5],[1.7,8.5],[0.2,10],[-0.2,10],[-1.7,8.5],[-1.7,-8.5],[-0.2,-10],[0.2,-10]],"c":true}],"e":[{"i":[[0,-0.828],[0,0],[0.828,0],[0,0],[0,0.828],[0,0],[-0.828,0],[0,0]],"o":[[0,0],[0,0.828],[0,0],[-0.828,0],[0,0],[0,-0.828],[0,0],[0.828,0]],"v":[[1.712,5.531],[1.7,8.5],[0.2,10],[-0.2,10],[-1.7,8.5],[-1.688,5.531],[-0.188,4.031],[0.212,4.031]],"c":true}]},{"i":{"x":0.833,"y":0.833},"o":{"x":0.333,"y":0},"t":18,"s":[{"i":[[0,-0.828],[0,0],[0.828,0],[0,0],[0,0.828],[0,0],[-0.828,0],[0,0]],"o":[[0,0],[0,0.828],[0,0],[-0.828,0],[0,0],[0,-0.828],[0,0],[0.828,0]],"v":[[1.712,5.531],[1.7,8.5],[0.2,10],[-0.2,10],[-1.7,8.5],[-1.688,5.531],[-0.188,4.031],[0.212,4.031]],"c":true}],"e":[{"i":[[0,-0.828],[0,0],[0.828,0],[0,0],[0,0.828],[0,0],[-0.828,0],[0,0]],"o":[[0,0],[0,0.828],[0,0],[-0.828,0],[0,0],[0,-0.828],[0,0],[0.828,0]],"v":[[1.706,-1.484],[1.7,8.5],[0.2,10],[-0.2,10],[-1.7,8.5],[-1.694,-1.484],[-0.194,-2.984],[0.206,-2.984]],"c":true}]},{"t":24}],"ix":2},"nm":"Path 1","mn":"ADBE Vector Shape - Group","hd":false},{"ty":"fl","c":{"a":0,"k":[0.850980392157,0,0.282352941176,1],"ix":4},"o":{"a":0,"k":100,"ix":5},"r":1,"bm":0,"nm":"Fill 1","mn":"ADBE Vector Graphic - Fill","hd":false},{"ty":"tr","p":{"a":0,"k":[0,0],"ix":2},"a":{"a":0,"k":[0,0],"ix":1},"s":{"a":0,"k":[100,100],"ix":3},"r":{"a":0,"k":0,"ix":6},"o":{"a":0,"k":100,"ix":7},"sk":{"a":0,"k":0,"ix":4},"sa":{"a":0,"k":0,"ix":5},"nm":"Transform"}],"nm":"Rectangle 1","np":2,"cix":2,"bm":0,"ix":1,"mn":"ADBE Vector Group","hd":false}],"ip":0,"op":240,"st":0,"bm":0},{"ddd":0,"ind":3,"ty":4,"nm":"03","sr":1,"ks":{"o":{"a":0,"k":100,"ix":11},"r":{"a":0,"k":0,"ix":10},"p":{"a":0,"k":[21,14,0],"ix":2},"a":{"a":0,"k":[0,0,0],"ix":1},"s":{"a":0,"k":[100,100,100],"ix":6}},"ao":0,"shapes":[{"ty":"gr","it":[{"ind":0,"ty":"sh","ix":1,"ks":{"a":1,"k":[{"i":{"x":0.667,"y":1},"o":{"x":0.333,"y":0},"t":0,"s":[{"i":[[0,-0.828],[0,0],[0.828,0],[0,0],[0,0.828],[0,0],[-0.828,0],[0,0]],"o":[[0,0],[0,0.828],[0,0],[-0.828,0],[0,0],[0,-0.828],[0,0],[0.828,0]],"v":[[1.7,-8.5],[1.7,8.5],[0.2,10],[-0.2,10],[-1.7,8.5],[-1.7,-8.5],[-0.2,-10],[0.2,-10]],"c":true}],"e":[{"i":[[0,-0.828],[0,0],[0.828,0],[0,0],[0,0.828],[0,0],[-0.828,0],[0,0]],"o":[[0,0],[0,0.828],[0,0],[-0.828,0],[0,0],[0,-0.828],[0,0],[0.828,0]],"v":[[1.712,5.531],[1.7,8.5],[0.2,10],[-0.2,10],[-1.7,8.5],[-1.688,5.531],[-0.188,4.031],[0.212,4.031]],"c":true}]},{"i":{"x":0.667,"y":1},"o":{"x":0.333,"y":0},"t":12,"s":[{"i":[[0,-0.828],[0,0],[0.828,0],[0,0],[0,0.828],[0,0],[-0.828,0],[0,0]],"o":[[0,0],[0,0.828],[0,0],[-0.828,0],[0,0],[0,-0.828],[0,0],[0.828,0]],"v":[[1.712,5.531],[1.7,8.5],[0.2,10],[-0.2,10],[-1.7,8.5],[-1.688,5.531],[-0.188,4.031],[0.212,4.031]],"c":true}],"e":[{"i":[[0,-0.828],[0,0],[0.828,0],[0,0],[0,0.828],[0,0],[-0.828,0],[0,0]],"o":[[0,0],[0,0.828],[0,0],[-0.828,0],[0,0],[0,-0.828],[0,0],[0.828,0]],"v":[[1.7,-8.5],[1.7,8.5],[0.2,10],[-0.2,10],[-1.7,8.5],[-1.7,-8.5],[-0.2,-10],[0.2,-10]],"c":true}]},{"t":24}],"ix":2},"nm":"Path 1","mn":"ADBE Vector Shape - Group","hd":false},{"ty":"fl","c":{"a":0,"k":[0.850980392157,0,0.282352941176,1],"ix":4},"o":{"a":0,"k":100,"ix":5},"r":1,"bm":0,"nm":"Fill 1","mn":"ADBE Vector Graphic - Fill","hd":false},{"ty":"tr","p":{"a":0,"k":[0,0],"ix":2},"a":{"a":0,"k":[0,0],"ix":1},"s":{"a":0,"k":[100,100],"ix":3},"r":{"a":0,"k":0,"ix":6},"o":{"a":0,"k":100,"ix":7},"sk":{"a":0,"k":0,"ix":4},"sa":{"a":0,"k":0,"ix":5},"nm":"Transform"}],"nm":"Rectangle 1","np":2,"cix":2,"bm":0,"ix":1,"mn":"ADBE Vector Group","hd":false}],"ip":0,"op":240,"st":0,"bm":0},{"ddd":0,"ind":4,"ty":4,"nm":"BG","sr":1,"ks":{"o":{"a":0,"k":100,"ix":11},"r":{"a":0,"k":0,"ix":10},"p":{"a":0,"k":[14,14,0],"ix":2},"a":{"a":0,"k":[0,0,0],"ix":1},"s":{"a":0,"k":[100,100,100],"ix":6}},"ao":0,"shapes":[{"ty":"gr","it":[{"ty":"rc","d":1,"s":{"a":0,"k":[28,28],"ix":2},"p":{"a":0,"k":[0,0],"ix":3},"r":{"a":0,"k":4,"ix":4},"nm":"Rectangle Path 1","mn":"ADBE Vector Shape - Rect","hd":false},{"ty":"fl","c":{"a":0,"k":[0.2,0.160784313725,0.160784313725,1],"ix":4},"o":{"a":0,"k":100,"ix":5},"r":1,"bm":0,"nm":"Fill 1","mn":"ADBE Vector Graphic - Fill","hd":false},{"ty":"tr","p":{"a":0,"k":[0,0],"ix":2},"a":{"a":0,"k":[0,0],"ix":1},"s":{"a":0,"k":[100,100],"ix":3},"r":{"a":0,"k":0,"ix":6},"o":{"a":0,"k":100,"ix":7},"sk":{"a":0,"k":0,"ix":4},"sa":{"a":0,"k":0,"ix":5},"nm":"Transform"}],"nm":"Rectangle 1","np":2,"cix":2,"bm":0,"ix":1,"mn":"ADBE Vector Group","hd":false}],"ip":0,"op":240,"st":0,"bm":0}],"markers":[]}