{"v":"5.4.4","fr":24,"ip":0,"op":30,"w":270,"h":56,"nm":"night_2","ddd":0,"assets":[{"id":"image_0","w":2025,"h":504,"u":"images/","p":"loading_night.png","e":0}],"layers":[{"ddd":0,"ind":1,"ty":2,"nm":"loading_night.png","cl":"png","refId":"image_0","sr":1,"ks":{"o":{"a":0,"k":100,"ix":11},"r":{"a":0,"k":0,"ix":10},"p":{"a":1,"k":[{"t":0,"s":[675,168,0],"h":1},{"t":1,"s":[405,168,0],"h":1},{"t":2,"s":[135,168,0],"h":1},{"t":3,"s":[-135,168,0],"h":1},{"t":4,"s":[-405,168,0],"h":1},{"t":5,"s":[675,112,0],"h":1},{"t":6,"s":[405,112,0],"h":1},{"t":7,"s":[135,112,0],"h":1},{"t":8,"s":[-135,112,0],"h":1},{"t":9,"s":[-405,112,0],"h":1},{"t":10,"s":[675,56,0],"h":1},{"t":11,"s":[405,56,0],"h":1},{"t":12,"s":[135,56,0],"h":1},{"t":13,"s":[-135,56,0],"h":1},{"t":14,"s":[-405,56,0],"h":1},{"t":15,"s":[675,0,0],"h":1},{"t":16,"s":[405,0,0],"h":1},{"t":17,"s":[135,0,0],"h":1},{"t":18,"s":[-135,0,0],"h":1},{"t":19,"s":[-405,0,0],"h":1},{"t":20,"s":[675,-56,0],"h":1},{"t":21,"s":[405,-56,0],"h":1},{"t":22,"s":[135,-56,0],"h":1},{"t":23,"s":[-135,-56,0],"h":1},{"t":24,"s":[-405,-56,0],"h":1},{"t":25,"s":[675,-112,0],"h":1},{"t":26,"s":[405,-112,0],"h":1},{"t":27,"s":[135,-112,0],"h":1},{"t":28,"s":[-135,-112,0],"h":1},{"t":29,"s":[-405,-112,0],"h":1}],"ix":2},"a":{"a":0,"k":[1012.5,252,0],"ix":1},"s":{"a":0,"k":[66.667,66.667,100],"ix":6}},"ao":0,"ip":0,"op":960,"st":0,"bm":0}],"markers":[]}